s,x,y,heading
0.00000000,-1.32571616,1.71356986,-0.98975033
0.01476611,-1.31753506,1.70116269,-0.98594884
0.02953222,-1.30930628,1.68878599,-0.98214546
0.04429833,-1.30103037,1.67644013,-0.97837271
0.05906445,-1.29270838,1.66412578,-0.97463144
0.07383056,-1.28434096,1.65184337,-0.97089236
0.08859667,-1.27592761,1.63959259,-0.96712511
0.10336278,-1.26746759,1.62737295,-0.96335105
0.11812889,-1.25896132,1.61518473,-0.95960505
0.13289500,-1.25040982,1.60302856,-0.95589101
0.14766111,-1.24181385,1.59090491,-0.95218382
0.16242723,-1.23317304,1.57881358,-0.94845067
0.17719334,-1.22448658,1.56675403,-0.94470659
0.19195945,-1.21575476,1.55472645,-0.94098667
0.20672556,-1.20697856,1.54273145,-0.93729752
0.22149167,-1.19815878,1.53076954,-0.93361901
0.23625778,-1.18929523,1.51884059,-0.92991790
0.25102389,-1.18038704,1.50694407,-0.92620274
0.26579001,-1.17143436,1.49508007,-0.92250757
0.28055612,-1.16243814,1.48324916,-0.91884151
0.29532223,-1.15339921,1.47145188,-0.91518900
0.31008834,-1.14431752,1.45968820,-0.91151769
0.32485445,-1.13519219,1.44795757,-0.90783018
0.33962056,-1.12602326,1.43626000,-0.90415839
0.35438667,-1.11681159,1.42459603,-0.90051368
0.36915279,-1.10755805,1.41296622,-0.89688451
0.38391890,-1.09826273,1.40137061,-0.89324056
0.39868501,-1.08892477,1.38980868,-0.88957924
0.41345112,-1.07954407,1.37828035,-0.88592945
0.42821723,-1.07012142,1.36678613,-0.88230435
0.44298334,-1.06065772,1.35532657,-0.87869591
0.45774946,-1.05115316,1.34390182,-0.87507671
0.47251557,-1.04160695,1.33251135,-0.87143993
0.48728168,-1.03201886,1.32115503,-0.86781068
0.50204779,-1.02238960,1.30983331,-0.86420350
0.51681390,-1.01272007,1.29854676,-0.86061324
0.53158001,-1.00301058,1.28729560,-0.85701603
0.54634612,-0.99326040,1.27607934,-0.85340189
0.56111224,-0.98346920,1.26489777,-0.84979169
0.57587835,-0.97363759,1.25375130,-0.84620071
0.59064446,-0.96376647,1.24264050,-0.84262617
0.60541057,-0.95385623,1.23156565,-0.83904808
0.62017668,-0.94390627,1.22052633,-0.83545446
0.63494279,-0.93391613,1.20952224,-0.83186174
0.64970890,-0.92388633,1.19855374,-0.82828524
0.66447502,-0.91381774,1.18762142,-0.82472402
0.67924113,-0.90371087,1.17672561,-0.82116209
0.69400724,-0.89356519,1.16586595,-0.81758663
0.70877335,-0.88338017,1.15504208,-0.81400970
0.72353946,-0.87315623,1.14425430,-0.81044593
0.73830557,-0.86289422,1.13350319,-0.80689575
0.75307168,-0.85259471,1.12278915,-0.80334695
0.76783780,-0.84225729,1.11211190,-0.79978705
0.78260391,-0.83188136,1.10147100,-0.79622412
0.79737002,-0.82146724,1.09086668,-0.79267128
0.81213613,-0.81101574,1.08029955,-0.78912990
0.82690224,-0.80052749,1.06977004,-0.78559120
0.84166835,-0.79000221,1.05927796,-0.78204403
0.85643446,-0.77943923,1.04882281,-0.77849313
0.87120058,-0.76883879,1.03840476,-0.77494940
0.88596669,-0.75820164,1.02802440,-0.77141464
0.90073280,-0.74752846,1.01768222,-0.76788300
0.91549891,-0.73681909,1.00737811,-0.76434554
0.93026502,-0.72607285,0.99711153,-0.76080452
0.94503113,-0.71528985,0.98688258,-0.75726799
0.95979724,-0.70447080,0.97669183,-0.75373770
0.97456336,-0.69361641,0.96653982,-0.75021012
0.98932947,-0.68272665,0.95642654,-0.74667919
1.00409558,-0.67180082,0.94635142,-0.74314566
1.01886169,-0.66083893,0.93631446,-0.73961439
1.03362780,-0.64984165,0.92631622,-0.73608641
1.04839391,-0.63880968,0.91635730,-0.73255997
1.06316002,-0.62774312,0.90643776,-0.72903221
1.07792614,-0.61664131,0.89655704,-0.72550355
1.09269225,-0.60550412,0.88671504,-0.72197547
1.10745836,-0.59433217,0.87691230,-0.71844767
1.12222447,-0.58312618,0.86714945,-0.71491951
1.13699058,-0.57188634,0.85742665,-0.71139149
1.15175669,-0.56061205,0.84774336,-0.70786480
1.16652280,-0.54930306,0.83809937,-0.70433776
1.18128892,-0.53795994,0.82849519,-0.70080798
1.19605503,-0.52658340,0.81893148,-0.69727537
1.21082114,-0.51517373,0.80940851,-0.69374358
1.22558725,-0.50373038,0.79992575,-0.69021572
1.24035336,-0.49225302,0.79048291,-0.68668743
1.25511947,-0.48074214,0.78108044,-0.68315349
1.26988558,-0.46919845,0.77171905,-0.67961378
1.28465170,-0.45762231,0.76239908,-0.67607470
1.29941781,-0.44601325,0.75312008,-0.67254232
1.31418392,-0.43437087,0.74388163,-0.66901033
1.32895003,-0.42269557,0.73468414,-0.66547001
1.34371614,-0.41098806,0.72552834,-0.66192065
1.35848225,-0.39924874,0.71641467,-0.65837079
1.37324837,-0.38747727,0.70734275,-0.65483032
1.38801448,-0.37567315,0.69831204,-0.65129201
1.40278059,-0.36383671,0.68932291,-0.64774305
1.41754670,-0.35196863,0.68037611,-0.64418151
1.43231281,-0.34006939,0.67147216,-0.64061742
1.44707892,-0.32813873,0.66261075,-0.63706512
1.46184503,-0.31617610,0.65379128,-0.63351764
1.47661115,-0.30418173,0.64501402,-0.62995771
1.49137726,-0.29215630,0.63627975,-0.62638152
1.50614337,-0.28010034,0.62758907,-0.62279982
1.52090948,-0.26801366,0.61894177,-0.61923177
1.53567559,-0.25589569,0.61033716,-0.61567201
1.55044170,-0.24374658,0.60177543,-0.61209871
1.56520781,-0.23156698,0.59325737,-0.60850537
1.57997393,-0.21935744,0.58478366,-0.60490276
1.59474004,-0.20711788,0.57635419,-0.60131492
1.60950615,-0.19484773,0.56796823,-0.59773951
1.62427226,-0.18254702,0.55962585,-0.59415032
1.63903837,-0.17021637,0.55132784,-0.59053733
1.65380448,-0.15785638,0.54307496,-0.58691062
1.66857059,-0.14546707,0.53486722,-0.58329883
1.68333671,-0.13304783,0.52670386,-0.57970409
1.69810282,-0.12059864,0.51858481,-0.57609638
1.71286893,-0.10812007,0.51051086,-0.57246118
1.72763504,-0.09561274,0.50248285,-0.56880728
1.74240115,-0.08307676,0.49450091,-0.56516730
1.75716726,-0.07051156,0.48656427,-0.56154926
1.77193337,-0.05791699,0.47867272,-0.55792021
1.78669949,-0.04529360,0.47082703,-0.55426020
1.80146560,-0.03264204,0.46302811,-0.55057611
1.81623171,-0.01996248,0.45527624,-0.54690367
1.83099782,-0.00725441,0.44757062,-0.54325803
1.84576393,0.00548242,0.43991094,-0.53960466
1.86053004,0.01824752,0.43229791,-0.53591716
1.87529615,0.03104022,0.42473251,-0.53219996
1.89006227,0.04386025,0.41721514,-0.52849078
1.90482838,0.05670808,0.40974508,-0.52481298
1.91959449,0.06958406,0.40232184,-0.52113204
1.93436060,0.08248774,0.39494607,-0.51741430
1.94912671,0.09541845,0.38761882,-0.51366111
1.96389282,0.10837582,0.38034064,-0.50991096
1.97865893,0.12136029,0.37311086,-0.50619618
1.99342505,0.13437226,0.36592884,-0.50248414
2.00819116,0.14741137,0.35879517,-0.49873329
2.02295727,0.16047692,0.35171094,-0.49494126
2.03772338,0.17356848,0.34467683,-0.49114599
2.05248949,0.18668640,0.33769229,-0.48738919
2.06725560,0.19983117,0.33075652,-0.48364218
2.08202171,0.21300250,0.32387001,-0.47985527
2.09678783,0.22619968,0.31703390,-0.47602150
2.11155394,0.23942221,0.31024900,-0.47217710
2.12632005,0.25267035,0.30351489,-0.46837308
2.14108616,0.26594468,0.29683064,-0.46458683
2.15585227,0.27924496,0.29019660,-0.46076080
2.17061838,0.29257049,0.28361396,-0.45688236
2.18538450,0.30592070,0.27708366,-0.45298496
2.20015061,0.31929576,0.27060542,-0.44912837
2.21491672,0.33269630,0.26417820,-0.44529824
2.22968283,0.34612218,0.25780221,-0.44142985
2.24444894,0.35957269,0.25147866,-0.43750374
2.25921505,0.37304721,0.24520859,-0.43354965
2.27398116,0.38654579,0.23899194,-0.42963506
2.28874728,0.40006911,0.23282753,-0.42575596
2.30351339,0.41361712,0.22671543,-0.42184181
2.31827950,0.42718915,0.22065684,-0.41786495
2.33304561,0.44078448,0.21465295,-0.41385062
2.34781172,0.45440306,0.20870383,-0.40987257
2.36257783,0.46804560,0.20280830,-0.40593905
2.37734394,0.48171217,0.19696622,-0.40197551
2.39211006,0.49540210,0.19117876,-0.39794471
2.40687617,0.50911461,0.18544724,-0.39386676
2.42164228,0.52284955,0.17977192,-0.38981980
2.43640839,0.53660761,0.17415161,-0.38582600
2.45117450,0.55038900,0.16858596,-0.38180917
2.46594061,0.56419307,0.16307610,-0.37772117
2.48070672,0.57801898,0.15762344,-0.37357634
2.49547284,0.59186645,0.15222847,-0.36945508
2.51023895,0.60573617,0.14689002,-0.36539483
2.52500506,0.61962847,0.14160751,-0.36132051
2.53977117,0.63354273,0.13638200,-0.35717189
2.55453728,0.64747806,0.13121501,-0.35295704
2.56930339,0.66143406,0.12610723,-0.34875626
2.58406950,0.67541135,0.12105756,-0.34462307
2.59883562,0.68941044,0.11606521,-0.34048667
2.61360173,0.70343074,0.11113113,-0.33627394
2.62836784,0.71747130,0.10625692,-0.33198595
2.64313395,0.73153160,0.10144347,-0.32770065
2.65790006,0.74561218,0.09668983,-0.32348786
2.67266617,0.75971370,0.09199496,-0.31928436
2.68743228,0.77383564,0.08735969,-0.31500390
2.70219840,0.78797699,0.08278569,-0.31063965
2.71696451,0.80213710,0.07827404,-0.30626512
2.73173062,0.81631642,0.07382397,-0.30196597
2.74649673,0.83051575,0.06943421,-0.29768987
2.76126284,0.84473466,0.06510546,-0.29333793
2.77602895,0.85897208,0.06083941,-0.28889428
2.79079506,0.87322722,0.05663733,-0.28442617
2.80556118,0.88750043,0.05249867,-0.28003386
2.82032729,0.90179264,0.04842198,-0.27567915
2.83509340,0.91610353,0.04440775,-0.27125188
2.84985951,0.93043198,0.04045771,-0.26672561
2.86462562,0.94477707,0.03657330,-0.26215996
2.87939173,0.95913899,0.03275422,-0.25766777
2.89415784,0.97351880,0.02899885,-0.25322800
2.90892396,0.98791633,0.02530747,-0.24872134
2.92369007,1.00233042,0.02168180,-0.24410920
2.93845618,1.01675999,0.01812347,-0.23944244
2.95322229,1.03120508,0.01463240,-0.23484382
2.96798840,1.04566685,0.01120692,-0.23031211
2.98275451,1.06014529,0.00784702,-0.22572183
2.99752063,1.07463921,0.00455441,-0.22102052
3.01228674,1.08914740,0.00133085,-0.21624948
3.02705285,1.10366971,-0.00182345,-0.21153818
3.04181896,1.11820736,-0.00491021,-0.20690731
3.05658507,1.13276054,-0.00792970,-0.20222895
3.07135118,1.14732807,-0.01088029,-0.19743513
3.08611729,1.16190856,-0.01376009,-0.19255704
3.10088341,1.17650168,-0.01656860,-0.18772720
3.11564952,1.19110866,-0.01930752,-0.18298974
3.13041563,1.20572994,-0.02197741,-0.17821855
3.14518174,1.22036434,-0.02457674,-0.17332889
3.15994785,1.23501034,-0.02710350,-0.16834133
3.17471396,1.24966736,-0.02955695,-0.16338765
3.18948007,1.26433661,-0.03193866,-0.15853609
3.20424619,1.27901882,-0.03424951,-0.15366706
3.21901230,1.29371284,-0.03648809,-0.14867821
3.23377841,1.30841699,-0.03865232,-0.14357910
3.24854452,1.32313045,-0.04074120,-0.13849696
3.26331063,1.33785437,-0.04275612,-0.13352391
3.27807674,1.35258976,-0.04469826,-0.12855168
3.29284285,1.36733555,-0.04656639,-0.12346035
3.30760897,1.38208991,-0.04835838,-0.11824788
3.32237508,1.39685176,-0.05007298,-0.11303350
3.33714119,1.41162214,-0.05171136,-0.10793189
3.35190730,1.42640233,-0.05327497,-0.10285081
3.36667341,1.44119141,-0.05476277,-0.09765379
3.38143952,1.45598740,-0.05617263,-0.09232637
3.39620563,1.47078895,-0.05750309,-0.08697695
3.41097175,1.48559691,-0.05875505,-0.08174027
3.42573786,1.50041288,-0.05993017,-0.07654439
3.44050397,1.51523608,-0.06102766,-0.07123860
3.45527008,1.53006442,-0.06204540,-0.06579490
3.47003619,1.54489628,-0.06298176,-0.06030870
3.48480230,1.55973227,-0.06383734,-0.05493124
3.49956841,1.57457425,-0.06461395,-0.04961447
3.51433453,1.58942168,-0.06531107,-0.04419695
3.52910064,1.60427237,-0.06592666,-0.03863590
3.54386675,1.61912442,-0.06645893,-0.03301232
3.55863286,1.63397812,-0.06690817,-0.02748939
3.57339897,1.64883560,-0.06727627,-0.02204572
3.58816508,1.66369660,-0.06756300,-0.01651366
3.60293119,1.67855886,-0.06776642,-0.01083456
3.61769731,1.69342018,-0.06788466,-0.00507415
3.63246342,1.70828053,-0.06791768,0.00059766
3.64722953,1.72314219,-0.06786736,0.00617394
3.66199564,1.73800529,-0.06773379,0.01182313
3.67676175,1.75286751,-0.06751517,0.01762058
3.69152786,1.76772639,-0.06720955,0.02351608
3.70629397,1.78258150,-0.06681665,0.02933865
3.72106009,1.79743522,-0.06633822,0.03505261
3.73582620,1.81228810,-0.06577465,0.04082127
3.75059231,1.82713784,-0.06512432,0.04673687
3.76535842,1.84198170,-0.06438530,0.05276456
3.78012453,1.85681887,-0.06355703,0.05873796
3.79489064,1.87165168,-0.06264112,0.06459364
3.80965675,1.88648118,-0.06163819,0.07048376
3.82442287,1.90130515,-0.06054685,0.07651676
3.83918898,1.91612059,-0.05936524,0.08267263
3.85395509,1.93092625,-0.05809258,0.08879492
3.86872120,1.94572437,-0.05673025,0.09479494
3.88348731,1.96051649,-0.05527907,0.10080803
3.89825342,1.97530053,-0.05373791,0.10695703
3.91301954,1.99007327,-0.05210501,0.11323602
3.92778565,2.00483305,-0.05037947,0.11950309
3.94255176,2.01958186,-0.04856237,0.12564822
3.95731787,2.03432177,-0.04665467,0.13178513
3.97208398,2.04905091,-0.04465551,0.13804799
3.98685009,2.06376586,-0.04256329,0.14444414
4.00161620,2.07846456,-0.04037705,0.15084967
4.01638232,2.09314870,-0.03809756,0.15713839
4.03114843,2.10782079,-0.03572584,0.16339899
4.04591454,2.12247927,-0.03326128,0.16977285
4.06068065,2.13712059,-0.03070252,0.17627967
4.07544676,2.15174225,-0.02804858,0.18281541
4.09021287,2.16634560,-0.02529995,0.18924390
4.10497898,2.18093354,-0.02245762,0.19562700
4.11974510,2.19550487,-0.01952121,0.20210826
4.13451121,2.21005597,-0.01648961,0.20871877
4.14927732,2.22458395,-0.01336194,0.21537489
4.16404343,2.23908971,-0.01013843,0.22193709
4.17880954,2.25357648,-0.00681994,0.22844046
4.19357565,2.26804347,-0.00340630,0.23502477
4.20834176,2.28248709,0.00010332,0.24173110
4.22310788,2.29690409,0.00370964,0.24849577
4.23787399,2.31129484,0.00741260,0.25518291
4.25264010,2.32566279,0.01121159,0.26180254
4.26740621,2.34000768,0.01510661,0.26848455
4.28217232,2.35432596,0.01909818,0.27527797
4.29693843,2.36861410,0.02318679,0.28213770
4.31170454,2.38287192,0.02737249,0.28893809
4.32647066,2.39710295,0.03165493,0.29566769
4.34123677,2.41130746,0.03603407,0.30244093
4.35600288,2.42548209,0.04051010,0.30931184
4.37076899,2.43962308,0.04508321,0.31625178
4.38553510,2.45372967,0.04975346,0.32315089
4.40030121,2.46780532,0.05452081,0.32998152
4.41506732,2.48185089,0.05938525,0.33683820
4.42983344,2.49586326,0.06434667,0.34377622
4.44459955,2.50983852,0.06940492,0.35078054
4.45936566,2.52377539,0.07455995,0.35776156
4.47413177,2.53767705,0.07981202,0.36468278
4.48889788,2.55154497,0.08516130,0.37161461
4.50366399,2.56537635,0.09060737,0.37860690
4.51843010,2.57916724,0.09614968,0.38565600
4.53319622,2.59291588,0.10178797,0.39269505
4.54796233,2.60662509,0.10752268,0.39968030
4.56272844,2.62029690,0.11335418,0.40666646
4.57749455,2.63392885,0.11928200,0.41370896
4.59226066,2.64751690,0.12530537,0.42081079
4.60702677,2.66105888,0.13142389,0.42791058
4.62179288,2.67455720,0.13763790,0.43493616
4.63655900,2.68801457,0.14394770,0.44195116
4.65132511,2.70142873,0.15035314,0.44906239
4.66609122,2.71479532,0.15685391,0.45628155
4.68085733,2.72811153,0.16344982,0.46351464
4.69562344,2.74137941,0.17014087,0.47062642
4.71038955,2.75460252,0.17692702,0.47769916
4.72515567,2.76777884,0.18380841,0.48491806
4.73992178,2.78090347,0.19078541,0.49231656
4.75468789,2.79397281,0.19785826,0.49976397
4.76945400,2.80698848,0.20502675,0.50704076
4.78422011,2.81995493,0.21229033,0.51423073
4.79898622,2.83287057,0.21964929,0.52160564
4.81375233,2.84572990,0.22710455,0.52923504
4.82851845,2.85852838,0.23465685,0.53696675
4.84328456,2.87126703,0.24230595,0.54448912
4.85805067,2.88395126,0.25005077,0.55186011
4.87281678,2.89658009,0.25789161,0.55944087
4.88758289,2.90914741,0.26582981,0.56735383
4.90234900,2.92164757,0.27386664,0.57543964
4.91711511,2.93408080,0.28200196,0.58329209
4.93188123,2.94645344,0.29023428,0.59091409
4.94664734,2.95876541,0.29856369,0.59875329
4.96141345,2.97100997,0.30699187,0.60700406
4.97617956,2.98318019,0.31552054,0.61551376
4.99094567,2.99527532,0.32414984,0.62378468
5.00571178,3.00730254,0.33287795,0.63173411
5.02047789,3.01926297,0.34170466,0.63988776
5.03524401,3.03114931,0.35063180,0.64853428
5.05001012,3.04295312,0.35966149,0.65754057
5.06477623,3.05467237,0.36879423,0.66632493
5.07954234,3.06631503,0.37802808,0.67468743
5.09430845,3.07788377,0.38736241,0.68321710
5.10907456,3.08937077,0.39679905,0.69232222
5.12384067,3.10076589,0.40634037,0.70190206
5.13860679,3.11206548,0.41598726,0.71130329
5.15337290,3.12327808,0.42573788,0.72017700
5.16813901,3.13440835,0.43559118,0.72915258
5.18290512,3.14544812,0.44554881,0.73878424
5.19767123,3.15638534,0.45561320,0.74901818
5.21243734,3.16721436,0.46578553,0.75914738
5.22720345,3.17794386,0.47606426,0.76864441
5.24196957,3.18858106,0.48644809,0.77814635
5.25673568,3.19911770,0.49693831,0.78837739
5.27150179,3.20953965,0.50753711,0.79934829
5.28626790,3.21983884,0.51824575,0.81032141
5.30103401,3.23002346,0.52906307,0.82056872
5.31580012,3.24010383,0.53998796,0.83069146
5.33056623,3.25007209,0.55102116,0.84159786
5.34533235,3.25991194,0.56216419,0.85338469
5.36009846,3.26961253,0.57341809,0.86531288
5.37486457,3.27918075,0.58478191,0.87644853
5.38963068,3.28863032,0.59625547,0.88730324
5.40439679,3.29795446,0.60783891,0.89896010
5.41916290,3.30713494,0.61953247,0.91162411
5.43392901,3.31615793,0.63133630,0.92459245
5.44869513,3.32502832,0.64324973,0.93674972
5.46346124,3.33376281,0.65527409,0.94846004
5.47822735,3.34235661,0.66740921,0.96093502
5.49299346,3.35079023,0.67965320,0.97450105
5.50775957,3.35904697,0.69200446,0.98853916
5.52252568,3.36712956,0.70446290,1.00180332
5.53729179,3.37505667,0.71703182,1.01446342
5.55205791,3.38282603,0.72971092,1.02780657
5.56682402,3.39041758,0.74249573,1.04228975
5.58159013,3.39781215,0.75538193,1.05740542
5.59635624,3.40500999,0.76837000,1.07182809
5.61112235,3.41203105,0.78146586,1.08550608
5.62588846,3.41887569,0.79466928,1.09975501
5.64065458,3.42552397,0.80797293,1.11517398
5.65542069,3.43195462,0.82136901,1.13137151
5.67018680,3.43816465,0.83485676,1.14700645
5.68495291,3.44417397,0.84844549,1.16180787
5.69971902,3.44998620,0.86213662,1.17701425
5.71448513,3.45558312,0.87591975,1.19332126
5.72925124,3.46094305,0.88978247,1.21047931
5.74401736,3.46605982,0.90372108,1.22726160
5.75878347,3.47095081,0.91774732,1.24323417
5.77354958,3.47562270,0.93186714,1.25941077
5.78831569,3.48006110,0.94606741,1.27647790
5.80308180,3.48424665,0.96033047,1.29432853
5.81784791,3.48817157,0.97464894,1.31203657
5.83261402,3.49184734,0.98903553,1.32922645
5.84738014,3.49528033,1.00350229,1.34641201
5.86214625,3.49846410,1.01803430,1.36388476
5.87691236,3.50138877,1.03260859,1.38166650
5.89167847,3.50404935,1.04721365,1.39952468
5.90644458,3.50644735,1.06186503,1.41773753
5.92121069,3.50857908,1.07657671,1.43590578
5.93597680,3.51045203,1.09133455,1.45300397
5.95074292,3.51207973,1.10611305,1.46905617
5.96550903,3.51347029,1.12089689,1.48510802
5.98027514,3.51461538,1.13570130,1.50235758
5.99504125,3.51550086,1.15053952,1.51983958
6.00980736,3.51613727,1.16540179,1.53585921
6.02457347,3.51654793,1.18026713,1.55026390
6.03933958,3.51674907,1.19512093,1.56438885
6.05410570,3.51673159,1.20997175,1.57987004
6.06887181,3.51647687,1.22483273,1.59585336
6.08363792,3.51599288,1.23969844,1.61054234
6.09840403,3.51530290,1.25455364,1.62363597
6.11317014,3.51442528,1.26938634,1.63623315
6.12793625,3.51335432,1.28419993,1.65001623
6.14270236,3.51207055,1.29900551,1.66446795
6.15746848,3.51057853,1.31380087,1.67787668
6.17223459,3.50889932,1.32857555,1.68982062
6.18700070,3.50705157,1.34332027,1.70112661
6.20176681,3.50503314,1.35803583,1.71338712
6.21653292,3.50282547,1.37273045,1.72640326
6.23129903,3.50042990,1.38740381,1.73863513
6.24606514,3.49786443,1.40204899,1.74957600
6.26083126,3.49514682,1.41665914,1.75980677
6.27559737,3.49227794,1.43123395,1.77075560
6.29036348,3.48924118,1.44577915,1.78248322
6.30512959,3.48603524,1.46029515,1.79366097
6.31989570,3.48267495,1.47477753,1.80372537
6.33466181,3.47917666,1.48922145,1.81305917
6.34942792,3.47554344,1.50362615,1.82289617
6.36419404,3.47176113,1.51799557,1.83349071
6.37896015,3.46782643,1.53233021,1.84373516
6.39372626,3.46375125,1.54662738,1.85303123
6.40849237,3.45955031,1.56088378,1.86161123
6.42325848,3.45522822,1.57509849,1.87050890
6.43802459,3.45077343,1.58927414,1.88010980
6.45279071,3.44618123,1.60341121,1.88952683
6.46755682,3.44146085,1.61750814,1.89815373
6.48232293,3.43662520,1.63156276,1.90610941
6.49708904,3.43167979,1.64557416,1.91422838
6.51185515,3.42661574,1.65954399,1.92297089
6.52662126,3.42142745,1.67347277,1.93166096
6.54138737,3.41612178,1.68735959,1.93970967
6.55615349,3.41070978,1.70120301,1.94715402
6.57091960,3.40519733,1.71500225,1.95463978
6.58568571,3.39957809,1.72875836,1.96263874
6.60045182,3.39384632,1.74247194,1.97068025
6.61521793,3.38800661,1.75614233,1.97824878
6.62998404,3.38206772,1.76976830,1.98532612
6.64475015,3.37603515,1.78334906,1.99236264
6.65951627,3.36990503,1.79688533,1.99976459
6.67428238,3.36367229,1.81037813,2.00725452
6.68904849,3.35733947,1.82382678,2.01445583
6.70381460,3.35091267,1.83722965,2.02133002
6.71858071,3.34439629,1.85058558,2.02813110
6.73334682,3.33778830,1.86389512,2.03518409
6.74811293,3.33108413,1.87715951,2.04234453
6.76287905,3.32428534,1.89037830,2.04928497
6.77764516,3.31739714,1.90355008,2.05594406
6.79241127,3.31042377,1.91667365,2.06250131
6.80717738,3.30336414,1.92974929,2.06927603
6.82194349,3.29621358,1.94277800,2.07619251
6.83670960,3.28897298,1.95575964,2.08290559
6.85147571,3.28164748,1.96869334,2.08931464
6.86624183,3.27424178,1.98157832,2.09557746
6.88100794,3.26675557,1.99441462,2.10204234
6.89577405,3.25918397,2.00720283,2.10868919
6.91054016,3.25152716,2.01994296,2.11516026
6.92530627,3.24378997,2.03263460,2.12131890
6.94007238,3.23597736,2.04527738,2.12729259
6.95483849,3.22808978,2.05787123,2.13344017
6.96960461,3.22012246,2.07041639,2.13980187
6.98437072,3.21207481,2.08291285,2.14602365
6.99913683,3.20395126,2.09536062,2.15193242
7.01390294,3.19575687,2.10775968,2.15762382
7.02866905,3.18749282,2.12011003,2.16345271
7.04343516,3.17915464,2.13241156,2.16951904
7.05820127,3.17074100,2.14466418,2.17548688
7.07296739,3.16225586,2.15686818,2.18114796
7.08773350,3.15370425,2.16902390,2.18656652
7.10249961,3.14508797,2.18113147,2.19208072
7.11726572,3.13640304,2.19319054,2.19784604
7.13203183,3.12764749,2.20520084,2.20355734
7.14679794,3.11882470,2.21716285,2.20897428
7.16156405,3.10993962,2.22907722,2.21413109
7.17633017,3.10099451,2.24094427,2.21933894
7.19109628,3.09198602,2.25276351,2.22480182
7.20586239,3.08291164,2.26453446,2.23025579
7.22062850,3.07377416,2.27625766,2.23543321
7.23539461,3.06457832,2.28793405,2.24034009
7.25016072,3.05532677,2.29956415,2.24525331
7.26492683,3.04601684,2.31114743,2.25041619
7.27969295,3.03664561,2.32268317,2.25561353
7.29445906,3.02721528,2.33417192,2.26055692
7.30922517,3.01773029,2.34561481,2.26522576
7.32399128,3.00819357,2.35701260,2.26985855
7.33875739,2.99860316,2.36836480,2.27472727
7.35352350,2.98895588,2.37967045,2.27966998
7.36828962,2.97925332,2.39093004,2.28438554
7.38305573,2.96949959,2.40214485,2.28882792
7.39782184,2.95969778,2.41331583,2.29319604
7.41258795,2.94984664,2.42444262,2.29777928
7.42735406,2.93994286,2.43552407,2.30247059
7.44212017,2.92998745,2.44656053,2.30696501
7.45688628,2.91998416,2.45755336,2.31119201
7.47165240,2.90993614,2.46850373,2.31531197
7.48641851,2.89984279,2.47941141,2.31962061
7.50118462,2.88970082,2.49027513,2.32406495
7.51595073,2.87951071,2.50109505,2.32834521
7.53071684,2.86927579,2.51187257,2.33236732
7.54548295,2.85899923,2.52260901,2.33625567
7.56024906,2.84868097,2.53330435,2.34030223
7.57501518,2.83831790,2.54395723,2.34450514
7.58978129,2.82790999,2.55456762,2.34857835
7.60454740,2.81746016,2.56513687,2.35240544
7.61931351,2.80697152,2.57566645,2.35607826
7.63407962,2.79644449,2.58615655,2.35987631
7.64884573,2.78587622,2.59660579,2.36384433
7.66361184,2.77526622,2.60701391,2.36771758
7.67837796,2.76461703,2.61738221,2.37135889
7.69314407,2.75393163,2.62771224,2.37483141
7.70791018,2.74321083,2.63800440,2.37839509
7.72267629,2.73245211,2.64825738,2.38213564
7.73744240,2.72165461,2.65847068,2.38581592
7.75220851,2.71082047,2.66864550,2.38928010
7.76697462,2.69995252,2.67878343,2.39256644
7.78174074,2.68905187,2.68888510,2.39591012
7.79650685,2.67811639,2.69894930,2.39943132
7.81127296,2.66714490,2.70897530,2.40292538
7.82603907,2.65613916,2.71896416,2.40622058
7.84080518,2.64510184,2.72891753,2.40933362
7.85557129,2.63403424,2.73883619,2.41247156
7.87033740,2.62293468,2.74871910,2.41578217
7.88510352,2.61180171,2.75856533,2.41909645
7.89986963,2.60063673,2.76837579,2.42223034
7.91463574,2.58944223,2.77815211,2.42518166
7.92940185,2.57821965,2.78789523,2.42812787
7.94416796,2.56696773,2.79760432,2.43123710
7.95893407,2.55568485,2.80727827,2.43437773
7.97370018,2.54437207,2.81691782,2.43735757
7.98846630,2.53303167,2.82652455,2.44015747
8.00323241,2.52166519,2.83609955,2.44292551
8.01799852,2.51027175,2.84564219,2.44584296
8.03276463,2.49884967,2.85515126,2.44881575
8.04753074,2.48739966,2.86462728,2.45164839
8.06229685,2.47592379,2.87407179,2.45430605
8.07706296,2.46442367,2.88348597,2.45690887
8.09182908,2.45289875,2.89286944,2.45964437
8.10659519,2.44134735,2.90222089,2.46245490
8.12136130,2.42976989,2.91154065,2.46514679
8.13612741,2.41816822,2.92083017,2.46767039
8.15089352,2.40654393,2.93009073,2.47012020
8.16565963,2.39489683,2.93932214,2.47268362
8.18042575,2.38322527,2.94852309,2.47533738
8.19519186,2.37152939,2.95769369,2.47789457
8.20995797,2.35981083,2.96683531,2.48029143
8.22472408,2.34807118,2.97594925,2.48259956
8.23949019,2.33631049,2.98503557,2.48500073
8.25425630,2.32452722,2.99409296,2.48750316
8.26902241,2.31272128,3.00312134,2.48993125
8.28378853,2.30089409,3.01212195,2.49220796
8.29855464,2.28904720,3.02109613,2.49438481
8.31332075,2.27718088,3.03004413,2.49663336
8.32808686,2.26529375,3.03896473,2.49898991
8.34285297,2.25338549,3.04785763,2.50129411
8.35761908,2.24145732,3.05672394,2.50345658
8.37238519,2.22951072,3.06556503,2.50551153
8.38715131,2.21754615,3.07438131,2.50761676
8.40191742,2.20556240,3.08317167,2.50983289
8.41668353,2.19355898,3.09193563,2.51201798
8.43144964,2.18153691,3.10067417,2.51407154
8.44621575,2.16949760,3.10938864,2.51601294
8.46098186,2.15744163,3.11807961,2.51798374
8.47574797,2.14536800,3.12674611,2.52006487
8.49051409,2.13327606,3.13538749,2.52213519
8.50528020,2.12116666,3.14400458,2.52408465
8.52004631,2.10904112,3.15259872,2.52591975
8.53481242,2.09690012,3.16117059,2.52776446
8.54957853,2.08474287,3.16971941,2.52971596
8.56434464,2.07256860,3.17824437,2.53167537
8.57911075,2.06037798,3.18674615,2.53352504
8.59387687,2.04817224,3.19522606,2.53526004
8.60864298,2.03595215,3.20368488,2.53698639
8.62340909,2.02371710,3.21212201,2.53881344
8.63817520,2.01146625,3.22053652,2.54066534
8.65294131,1.99920011,3.22892896,2.54241904
8.66770742,1.98691982,3.23730057,2.54405912
8.68247353,1.97462617,3.24565222,2.54567410
8.69723965,1.96231878,3.25398349,2.54738163
8.71200576,1.94999675,3.26229339,2.54912887
8.72677187,1.93766042,3.27058228,2.55078998
8.74153798,1.92531084,3.27885136,2.55233936
8.75630409,1.91294885,3.28710158,2.55384920
8.77107020,1.90057422,3.29533269,2.55544162
8.78583631,1.88818607,3.30354364,2.55708633
8.80060243,1.87578456,3.31173466,2.55865773
8.81536854,1.86337066,3.31990686,2.56012021
8.83013465,1.85094522,3.32806125,2.56153090
8.84490076,1.83850817,3.33619775,2.56301233
8.85966687,1.82605866,3.34431532,2.56455585
8.87443298,1.81359670,3.35241401,2.56604005
8.88919909,1.80112315,3.36049485,2.56741992
8.90396521,1.78863887,3.36855888,2.56873850
8.91873132,1.77614392,3.37660619,2.57011447
8.93349743,1.76363749,3.38463576,2.57155934
8.94826354,1.75111950,3.39264750,2.57295929
8.96302965,1.73859067,3.40064232,2.57426040
8.97779576,1.72605184,3.40862129,2.57549319
8.99256188,1.71350320,3.41658463,2.57676945
9.00732799,1.70094402,3.42453141,2.57811880
9.02209410,1.68837409,3.43246136,2.57943750
9.03686021,1.67579405,3.44037533,2.58066312
9.05162632,1.66320470,3.44827434,2.58181534
9.06639243,1.65060632,3.45615877,2.58299709
9.08115854,1.63799828,3.46402779,2.58425388
9.09592466,1.62538026,3.47188097,2.58549391
9.11069077,1.61275282,3.47971906,2.58664679
9.12545688,1.60011672,3.48754308,2.58772280
9.14022299,1.58747231,3.49535351,2.58881466
9.15498910,1.57481905,3.50314963,2.58998155
9.16975521,1.56215658,3.51093091,2.59114504
9.18452132,1.54948532,3.51869795,2.59222745
9.19928744,1.53680602,3.52645179,2.59323070
9.21405355,1.52411908,3.53419299,2.59423665
9.22881966,1.51142409,3.54192097,2.59531591
9.24358577,1.49872058,3.54963508,2.59640446
9.25835188,1.48600891,3.55733581,2.59741820
9.27311799,1.47328979,3.56502418,2.59835130
9.28788410,1.46056367,3.57270083,2.59927461
9.30265022,1.44783023,3.58036532,2.60026800
9.31741633,1.43508897,3.58801691,2.60128256
9.33218244,1.42234015,3.59565597,2.60222899
9.34694855,1.40958444,3.60328350,2.60309386
9.36171466,1.39682234,3.61090021,2.60393712
9.37648077,1.38405362,3.61850579,2.60484712
9.39124688,1.37127774,3.62609942,2.60578999
9.40601300,1.35849487,3.63368137,2.60666982
9.42077911,1.34570568,3.64125262,2.60746295
9.43554522,1.33291070,3.64881401,2.60822610
9.45031133,1.32010987,3.65636542,2.60902365
9.46507744,1.30730288,3.66390647,2.60983829
9.47984355,1.29448975,3.67143714,2.61065021
9.49460966,1.28167050,3.67895738,2.61146314
9.50937578,1.26884517,3.68646717,2.61228144
9.52414189,1.25601377,3.69396653,2.61307113
9.53890800,1.24317661,3.70145610,2.61382258
9.55367411,1.23033367,3.70893582,2.61462544
9.56844022,1.21748433,3.71640454,2.61553539
9.58320633,1.20462794,3.72386104,2.61651118
9.59797244,1.19176443,3.73130516,2.61742956
9.61273856,1.17889442,3.73873811,2.61827022
9.62750467,1.16601803,3.74616009,2.61915739
9.64227078,1.15313464,3.75356994,2.62015741
9.65703689,1.14024355,3.76096627,2.62123913
9.67180300,1.12734457,3.76834873,2.62227398
9.68656911,1.11443832,3.77571853,2.62321934
9.70133522,1.10152503,3.78307611,2.62419746
9.71610134,1.08860412,3.79042034,2.62528999
9.73086745,1.07567486,3.79774975,2.62647627
9.74563356,1.06273698,3.80506379,2.62762992
9.76039967,1.04979105,3.81236361,2.62868545
9.77516578,1.03683739,3.81964987,2.62975793
9.78993189,1.02387549,3.82692153,2.63094571
9.80469800,1.01090461,3.83417703,2.63223863
9.81946412,0.99792438,3.84141561,2.63351510
9.83423023,0.98493529,3.84863832,2.63468631
9.84899634,0.97193778,3.85584608,2.63585691
9.86376245,0.95893141,3.86303792,2.63714364
9.87852856,0.94591541,3.87021220,2.63854736
9.89329467,0.93288932,3.87736792,2.63995269
9.90806079,0.91985356,3.88450602,2.64124705
9.92282690,0.90680866,3.89162767,2.64252128
9.93759301,0.89375426,3.89873202,2.64391178
9.95235912,0.88068957,3.90581731,2.64543178
9.96712523,0.86761405,3.91288233,2.64697349
9.98189134,0.85452802,3.91992783,2.64840051
9.99665745,0.84143210,3.92695524,2.64978596
10.01142357,0.82832602,3.93396388,2.65128610
10.02618968,0.81520898,3.94095187,2.65292889
10.04095579,0.80208035,3.94791775,2.65461548
10.05572190,0.78894036,3.95486205,2.65618716
10.07048801,0.77578970,3.96178645,2.65769456
10.08525412,0.76262818,3.96869048,2.65931114
10.10002023,0.74945501,3.97557218,2.66108193
10.11478635,0.73626951,3.98242983,2.66291962
10.12955246,0.72307179,3.98926371,2.66464692
10.14431857,0.70986258,3.99607570,2.66628713
10.15908468,0.69664180,4.00286558,2.66802684
10.17385079,0.68340868,4.00963135,2.66993083
10.18861690,0.67016250,4.01637106,2.67192524
10.20338301,0.65690326,4.02308468,2.67381806
10.21814913,0.64363168,4.02977423,2.67560095
10.23291524,0.63034781,4.03643982,2.67747038
10.24768135,0.61705091,4.04307942,2.67951470
10.26244746,0.60374022,4.04969082,2.68167395
10.27721357,0.59041561,4.05627364,2.68374440
10.29197968,0.57707782,4.06283003,2.68568199
10.30674579,0.56372699,4.06936045,2.68768924
10.32151191,0.55036244,4.07586286,2.68988252
10.33627802,0.53698337,4.08233477,2.69221641
10.35104413,0.52358953,4.08877545,2.69447888
10.36581024,0.51018163,4.09518707,2.69658590
10.38057635,0.49675993,4.10157053,2.69874099
10.39534246,0.48332381,4.10792381,2.70109336
10.41010857,0.46987243,4.11424413,2.70361329
10.42487469,0.45640545,4.12053034,2.70608442
10.43964080,0.44292350,4.12678456,2.70837854
10.45440691,0.42942698,4.13300822,2.71069378
10.46917302,0.41591532,4.13919934,2.71321693
10.48393913,0.40238768,4.14535483,2.71593589
10.49870524,0.38884360,4.15147308,2.71863449
10.51347135,0.37528364,4.15755611,2.72113651
10.52823747,0.36170830,4.16360588,2.72362683
10.54300358,0.34811711,4.16962054,2.72633408
10.55776969,0.33450921,4.17559667,2.72926683
10.57253580,0.32088406,4.18153217,2.73221368
10.58730191,0.30724212,4.18742882,2.73494761
10.60206802,0.29358398,4.19328918,2.73763110
10.61683413,0.27990925,4.19911162,2.74053748
10.63160025,0.26621711,4.20489238,2.74370067
10.64636636,0.25250696,4.21062880,2.74691851
10.66113247,0.23877911,4.21632232,2.74991174
10.67589858,0.22503422,4.22197613,2.75281000
10.69066469,0.21127203,4.22758891,2.75593251
10.70543080,0.19749174,4.23315658,2.75934485
10.72019692,0.18369271,4.23867585,2.76285841
10.73496303,0.16987514,4.24414771,2.76614195
10.74972914,0.15603970,4.24957598,2.76928058
10.76449525,0.14218623,4.25495977,2.77263847
10.77926136,0.12831402,4.26029468,2.77632099
10.79402747,0.11442243,4.26557676,2.78015723
10.80879358,0.10051153,4.27080641,2.78376601
10.82355970,0.08658195,4.27598803,2.78717522
10.83832581,0.07263364,4.28112133,2.79079040
10.85309192,0.05866600,4.28620163,2.79476680
10.86785803,0.04467843,4.29122422,2.79895514
10.88262414,0.03067090,4.29618881,2.80292854
10.89739025,0.01664396,4.30110029,2.80664382
10.91215636,0.00259764,4.30595914,2.81054145
10.92692248,-0.01146853,4.31076045,2.81483840
10.94168859,-0.02555505,4.31549871,2.81941112
10.95645470,-0.03966202,4.32017278,2.82379341
10.97122081,-0.05378901,4.32478790,2.82785644
10.98598692,-0.06793597,4.32934556,2.83206566
11.00075303,-0.08210318,4.33384066,2.83671314
11.01551914,-0.09629098,4.33826683,2.84170566
11.03028526,-0.11049948,4.34262194,2.84654637
11.04505137,-0.12472842,4.34691142,2.85100595
11.05981748,-0.13897781,4.35113794,2.85556082
11.07458359,-0.15324772,4.35529638,2.86059234
11.08934970,-0.16753822,4.35937939,2.86604336
11.10411581,-0.18184936,4.36338376,2.87139726
11.11888192,-0.19618107,4.36731483,2.87631008
11.13364804,-0.21053353,4.37117670,2.88125073
11.14841415,-0.22490658,4.37496432,2.88670350
11.16318026,-0.23929993,4.37866942,2.89265504
11.17794637,-0.25371343,4.38228746,2.89858169
11.19271248,-0.26814721,4.38582348,2.90401271
11.20747859,-0.28260179,4.38928316,2.90938650
11.22224470,-0.29707677,4.39266175,2.91530157
11.23701082,-0.31157135,4.39594999,2.92179907
11.25177693,-0.32608502,4.39914195,2.92836189
11.26654304,-0.34061815,4.40224201,2.93438421
11.28130915,-0.35517172,4.40525752,2.94024693
11.29607526,-0.36974514,4.40818433,2.94666937
11.31084137,-0.38433697,4.41101224,2.95376167
11.32560748,-0.39894613,4.41373374,2.96102717
11.34037360,-0.41357312,4.41635229,2.96772183
11.35513971,-0.42821962,4.41887685,2.97413854
11.36990582,-0.44288499,4.42130424,2.98111785
11.38467193,-0.45756692,4.42362339,2.98885727
11.39943804,-0.47226350,4.42582513,2.99689429
11.41420415,-0.48697522,4.42791159,3.00435004
11.42897026,-0.50170474,4.42989331,3.01139616
11.44373638,-0.51645150,4.43176840,3.01898678
11.45850249,-0.53121219,4.43352509,3.02742855
11.47326860,-0.54598371,4.43515249,3.03630663
11.48803471,-0.56076627,4.43665110,3.04461921
11.50280082,-0.57556372,4.43803271,3.05238219
11.51756693,-0.59037598,4.43929713,3.06064408
11.53233304,-0.60519855,4.44043220,3.06984366
11.54709916,-0.62002675,4.44142532,3.07962762
11.56186527,-0.63486002,4.44227511,3.08889545
11.57663138,-0.64970360,4.44299405,3.09747595
11.59139749,-0.66455844,4.44358405,3.10647502
11.60616360,-0.67941874,4.44403301,3.11648097
11.62092971,-0.69427783,4.44432692,3.12721726
11.63569583,-0.70913385,4.44446234,3.13752761
11.65046194,-0.72399319,4.44445168,-3.13614999
11.66522805,-0.73885876,4.44429904,-3.12634318
11.67999416,-0.75372351,4.44399314,-3.11550188
11.69476027,-0.76857832,4.44351928,-3.10380916
11.70952638,-0.78341961,4.44287209,-3.09241154
11.72429249,-0.79825451,4.44206289,-3.08188303
11.73905861,-0.81308863,4.44109766,-3.07120534
11.75382472,-0.82791398,4.43996680,-3.05952757
11.76859083,-0.84271870,4.43865606,-3.04692809
11.78335694,-0.85749716,4.43715868,-3.03446902
11.79812305,-0.87225770,4.43548398,-3.02289762
11.81288916,-0.88700807,4.43363931,-3.01133322
11.82765527,-0.90173981,4.43161704,-2.99882498
11.84242139,-0.91643833,4.42940405,-2.98535019
11.85718750,-0.93109524,4.42699277,-2.97185622
11.87195361,-0.94571992,4.42438992,-2.95922227
11.88671972,-0.96032233,4.42160343,-2.94674526
11.90148583,-0.97489421,4.41862804,-2.93342650
11.91625194,-0.98941845,4.41545275,-2.91914666
11.93101805,-1.00388358,4.41207021,-2.90470138
11.94578417,-1.01829713,4.40848458,-2.89100653
11.96055028,-1.03267301,4.40470238,-2.87758198
11.97531639,-1.04700426,4.40072104,-2.86350920
11.99008250,-1.06127217,4.39653362,-2.84860190
12.00484861,-1.07546245,4.39213478,-2.83343875
12.01961472,-1.08957916,4.38752648,-2.81880188
12.03438083,-1.10363913,4.38271138,-2.80445074
12.04914695,-1.11763824,4.37768913,-2.78974695
12.06391306,-1.13155809,4.37245896,-2.77451397
12.07867917,-1.14538282,4.36702017,-2.75906604
12.09344528,-1.15911427,4.36137260,-2.74374428
12.10821139,-1.17276770,4.35551166,-2.72848512
12.12297750,-1.18634196,4.34943845,-2.71335748
12.13774361,-1.19982308,4.34316243,-2.69844744
12.15250973,-1.21319765,4.33669267,-2.68363979
12.16727584,-1.22646633,4.33002861,-2.66858041
12.18204195,-1.23964081,4.32315848,-2.65324960
12.19680806,-1.25272064,4.31608239,-2.63824352
12.21157417,-1.26569644,4.30881427,-2.62386861
12.22634028,-1.27855815,4.30136902,-2.60986367
12.24110639,-1.29130461,4.29374871,-2.59553786
12.25587251,-1.30394477,4.28593933,-2.58079232
12.27063862,-1.31647960,4.27793851,-2.56629563
12.28540473,-1.32890194,4.26975882,-2.55237942
12.30017084,-1.34120319,4.26141532,-2.53886191
12.31493695,-1.35338078,4.25291239,-2.52512205
12.32970306,-1.36544136,4.24423779,-2.51097521
12.34446917,-1.37738790,4.23538652,-2.49697485
12.35923529,-1.38921473,4.22636919,-2.48345612
12.37400140,-1.40091425,4.21720016,-2.47030968
12.38876751,-1.41248325,4.20788529,-2.45703776
12.40353362,-1.42392658,4.19841469,-2.44341119
12.41829973,-1.43524836,4.18878145,-2.42984717
12.43306584,-1.44644407,4.17899423,-2.41665969
12.44783196,-1.45750670,4.16906646,-2.40379343
12.46259807,-1.46843273,4.15900492,-2.39087489
12.47736418,-1.47922665,4.14880113,-2.37766553
12.49213029,-1.48989214,4.13844771,-2.36445944
12.50689640,-1.50042567,4.12795160,-2.35154240
12.52166251,-1.51082078,4.11732538,-2.33889348
12.53642862,-1.52107356,4.10657668,-2.32624151
12.55119474,-1.53118806,4.09569830,-2.31336492
12.56596085,-1.54116790,4.08468256,-2.30045597
12.58072696,-1.55101028,4.07353481,-2.28775385
12.59549307,-1.56070909,4.06226680,-2.27525735
12.61025918,-1.57026008,4.05088676,-2.26278473
12.62502529,-1.57966591,4.03938984,-2.25015941
12.63979140,-1.58893116,4.02776736,-2.23749223
12.65455752,-1.59805371,4.01602308,-2.22495023
12.66932363,-1.60702758,4.00416788,-2.21253671
12.68408974,-1.61584803,3.99221041,-2.20014843
12.69885585,-1.62451640,3.98014820,-2.18767893
12.71362196,-1.63303809,3.96797188,-2.17518246
12.72838807,-1.64141186,3.95568352,-2.16274260
12.74315418,-1.64963178,3.94329323,-2.15035226
12.75792030,-1.65769253,3.93081001,-2.13796623
12.77268641,-1.66559445,3.91823329,-2.12555770
12.78745252,-1.67334329,3.90555360,-2.11315427
12.80221863,-1.68093884,3.89277127,-2.10075912
12.81698474,-1.68837522,3.87989580,-2.08834281
12.83175085,-1.69564662,3.86693661,-2.07589497
12.84651696,-1.70275259,3.85389447,-2.06346436
12.86128308,-1.70969895,3.84076005,-2.05108015
12.87604919,-1.71648637,3.82753225,-2.03867661
12.89081530,-1.72310920,3.81422005,-2.02619186
12.90558141,-1.72956117,3.80083342,-2.01363309
12.92034752,-1.73584111,3.78737417,-2.00110492
12.93511363,-1.74195464,3.77383292,-1.98865283
12.94987974,-1.74790305,3.76020750,-1.97618412
12.96464586,-1.75368142,3.74650659,-1.96361810
12.97941197,-1.75928365,3.73274092,-1.95096912
12.99417808,-1.76470781,3.71891376,-1.93829626
13.00894419,-1.76995738,3.70501526,-1.92556053
13.02371030,-1.77503296,3.69104151,-1.91288497
13.03847641,-1.77993395,3.67700170,-1.90045493
13.05324252,-1.78465952,3.66290868,-1.88822284
13.06800864,-1.78920930,3.64876798,-1.87589484
13.08277475,-1.79358235,3.63456968,-1.86318185
13.09754086,-1.79777648,3.62030756,-1.85052790
13.11230697,-1.80179542,3.60599019,-1.83850488
13.12707308,-1.80564516,3.59163148,-1.82706591
13.14183919,-1.80932895,3.57723888,-1.81557498
13.15660530,-1.81284284,3.56280432,-1.80349925
13.17137142,-1.81618238,3.54831980,-1.79137892
13.18613753,-1.81935159,3.53379179,-1.77990162
13.20090364,-1.82235823,3.51923277,-1.76908625
13.21566975,-1.82520724,3.50465066,-1.75832376
13.23043586,-1.82789476,3.49004000,-1.74696246
13.24520197,-1.83041476,3.47539226,-1.73544851
13.25996808,-1.83277081,3.46071189,-1.72453823
13.27473420,-1.83497152,3.44600962,-1.71432048
13.28950031,-1.83702316,3.43129326,-1.70425993
13.30426642,-1.83892273,3.41655943,-1.69363032
13.31903253,-1.84066297,3.40180002,-1.68275007
13.33379864,-1.84224657,3.38701769,-1.67240789
13.34856475,-1.84368237,3.37222138,-1.66276142
13.36333087,-1.84497764,3.35741845,-1.65336499
13.37809698,-1.84613062,3.34260712,-1.64345735
13.39286309,-1.84713333,3.32778012,-1.63321871
13.40762920,-1.84798723,3.31293873,-1.62343556
13.42239531,-1.84870099,3.29809019,-1.61433020
13.43716142,-1.84928254,3.28324118,-1.60555036
13.45192753,-1.84973143,3.26839115,-1.59633589
13.46669365,-1.85003947,3.25353384,-1.58673138
13.48145976,-1.85020686,3.23866951,-1.57749099
13.49622587,-1.85024170,3.22380388,-1.56889636
13.51099198,-1.85015230,3.20894278,-1.56068335
13.52575809,-1.84993946,3.19408669,-1.55212349
13.54052420,-1.84959529,3.17923035,-1.54313771
13.55529031,-1.84911873,3.16437328,-1.53442052
13.57005643,-1.84851705,3.14951985,-1.52630387
13.58482254,-1.84779859,3.13467506,-1.51860370
13.59958865,-1.84696532,3.11984002,-1.51064941
13.61435476,-1.84601002,3.10501055,-1.50225671
13.62912087,-1.84493048,3.09018563,-1.49403868
13.64388698,-1.84373300,3.07536851,-1.48636627
13.65865309,-1.84242567,3.06056337,-1.47912495
13.67341921,-1.84101139,3.04577167,-1.47172038
13.68818532,-1.83948392,3.03099026,-1.46388544
13.70295143,-1.83784008,3.01621777,-1.45613818
13.71771754,-1.83608514,3.00145657,-1.44887683
13.73248365,-1.83422674,2.98671007,-1.44204476
13.74724976,-1.83226847,2.97197988,-1.43513297
13.76201587,-1.83020523,2.95726372,-1.42781492
13.77678199,-1.82803313,2.94256010,-1.42050806
13.79154810,-1.82575635,2.92787065,-1.41362577
13.80631421,-1.82338200,2.91319814,-1.40715872
13.82108032,-1.82091412,2.89854416,-1.40068469
13.83584643,-1.81834878,2.88390717,-1.39384025
13.85061254,-1.81568164,2.86928566,-1.38694304
13.86537865,-1.81291585,2.85468072,-1.38040934
13.88014477,-1.81005788,2.84009456,-1.37426844
13.89491088,-1.80711202,2.82552866,-1.36818066
13.90967699,-1.80407552,2.81098206,-1.36176613
13.92444310,-1.80094378,2.79645333,-1.35524836
13.93920921,-1.79771900,2.78194315,-1.34903449
13.95397532,-1.79440699,2.76745326,-1.34318575
13.96874143,-1.79101211,2.75298501,-1.33743703
13.98350755,-1.78753268,2.73853786,-1.33140964
13.99827366,-1.78396408,2.72411052,-1.32524202
14.01303977,-1.78030767,2.70970335,-1.31932108
14.02780588,-1.77656853,2.69531775,-1.31373467
14.04257199,-1.77275102,2.68095487,-1.30828246
14.05733810,-1.76885436,2.66661449,-1.30260127
14.07210421,-1.76487412,2.65229549,-1.29675553
14.08687033,-1.76081088,2.63799802,-1.29110248
14.10163644,-1.75666905,2.62372316,-1.28575205
14.11640255,-1.75245286,2.60947191,-1.28055846
14.13116866,-1.74816228,2.59524426,-1.27518491
14.14593477,-1.74379323,2.58103927,-1.26963377
14.16070088,-1.73934561,2.56685693,-1.26422541
14.17546700,-1.73482321,2.55269806,-1.25908755
14.19023311,-1.73023002,2.53856356,-1.25411913
14.20499922,-1.72556662,2.52445353,-1.24901726
14.21976533,-1.72082939,2.51036720,-1.24373446
14.23453144,-1.71601768,2.49630444,-1.23854928
14.24929755,-1.71113465,2.48226591,-1.23360304
14.26406366,-1.70618404,2.46825238,-1.22883045
14.27882978,-1.70116689,2.45426403,-1.22396702
14.29359589,-1.69608010,2.44030023,-1.21892729
14.30836200,-1.69092258,2.42636080,-1.21394540
14.32312811,-1.68569690,2.41244624,-1.20917184
14.33789422,-1.68040654,2.39855721,-1.20456947
14.35266033,-1.67505284,2.38469398,-1.19991395
14.36742644,-1.66963326,2.37085602,-1.19509300
14.38219256,-1.66414637,2.35704311,-1.19029594
14.39695867,-1.65859424,2.34325562,-1.18567781
14.41172478,-1.65298001,2.32949415,-1.18122333
14.42649089,-1.64730524,2.31575901,-1.17674777
14.44125700,-1.64156795,2.30204977,-1.17212230
14.45602311,-1.63576650,2.28836617,-1.16749286
14.47078922,-1.62990244,2.27470849,-1.16301436
14.48555534,-1.62397861,2.26107729,-1.15868828
14.50032145,-1.61799670,2.24747288,-1.15436715
14.51508756,-1.61195526,2.23389497,-1.14991479
14.52985367,-1.60585250,2.22034321,-1.14543687
14.54461978,-1.59968956,2.20681784,-1.14108335
14.55938589,-1.59346894,2.19331938,-1.13686858
14.57415200,-1.58719239,2.17984816,-1.13267862
14.58891812,-1.58085893,2.16640398,-1.12837788
14.60368423,-1.57446674,2.15298646,-1.12403625
14.61845034,-1.56801659,2.13959576,-1.11979407
14.63321645,-1.56151065,2.12623238,-1.11567545
14.64798256,-1.55495064,2.11289671,-1.11159541
14.66274867,-1.54833603,2.09958860,-1.10742571
14.67751478,-1.54166503,2.08630764,-1.10320577
14.69228090,-1.53493807,2.07305393,-1.09906212
14.70704701,-1.52815704,2.05982796,-1.09502588
14.72181312,-1.52132357,2.04663015,-1.09103634
14.73657923,-1.51443748,2.03346045,-1.08697784
14.75134534,-1.50749712,2.02031839,-1.08286532
14.76611145,-1.50050263,2.00720403,-1.07880805
14.78087756,-1.49345558,1.99411783,-1.07484145
14.79564368,-1.48635753,1.98106027,-1.07092448
14.81040979,-1.47920855,1.96803139,-1.06695786
14.82517590,-1.47200719,1.95503068,-1.06293832
14.83994201,-1.46475334,1.94205811,-1.05895570
14.85470812,-1.45744829,1.92911417,-1.05504695
14.86947423,-1.45009348,1.91619938,-1.05118627
14.88424034,-1.44268918,1.90331385,-1.04729288
14.89900646,-1.43523416,1.89045709,-1.04335153
14.91377257,-1.42772811,1.87762894,-1.03943209
14.92853868,-1.42017209,1.86482990,-1.03557044
14.94330479,-1.41256738,1.85206057,-1.03175185
14.95807090,-1.40491439,1.83932115,-1.02791465
14.97283701,-1.39721216,1.82661116,-1.02403828
14.98760313,-1.38946022,1.81393031,-1.02017193
15.00236924,-1.38165939,1.80127908,-1.01634584
15.01713535,-1.37381078,1.78865818,-1.01255351
15.03190146,-1.36591485,1.77606790,-1.00875275
15.04666757,-1.35797083,1.76350771,-1.00492189
15.06143368,-1.34997822,1.75097728,-1.00109388
15.07619979,-1.34193765,1.73847706,-0.99729533
15.09096591,-1.33385012,1.72600779,-0.99352419
15.10573202,-1.32571616,1.71356986,-0.98975033
